{"routes":[{"summary":{"distance":8507,"duration":746.1},"geometry_format":"polyline","geometry":[[77.605872,12.916685],[77.606061,12.916679],[77.606452,12.916667],[77.606675,12.916661],[77.606979,12.916644],[77.60699,12.916644],[77.607271,12.916633],[77.607577,12.916629],[77.608768,12.916615],[77.609186,12.916607],[77.610046,12.91659],[77.61012,12.916588],[77.612401,12.916554],[77.614162,12.916521],[77.614217,12.916518],[77.614568,12.916499],[77.615217,12.916439],[77.616708,12.916289],[77.616956,12.916267],[77.617051,12.916269],[77.618722,12.916311],[77.619411,12.916337],[77.619636,12.916371],[77.620172,12.916503],[77.621033,12.916775],[77.621284,12.916854],[77.621669,12.916976],[77.621863,12.917041],[77.622191,12.917183],[77.622267,12.917246],[77.622332,12.917337],[77.622381,12.917483],[77.622373,12.917569],[77.622327,12.917689],[77.622108,12.918047],[77.621981,12.918246],[77.621792,12.918533],[77.621198,12.919312],[77.621047,12.91968],[77.620296,12.920928],[77.620226,12.921056],[77.620335,12.921122],[77.620437,12.921258],[77.62096,12.921544],[77.622913,12.922704],[77.623221,12.922886],[77.624256,12.923118],[77.624879,12.923258],[77.626975,12.92373],[77.628374,12.924042],[77.628617,12.92408],[77.628844,12.924153],[77.628906,12.924238],[77.629033,12.924202],[77.629571,12.92419],[77.63084,12.924402],[77.631368,12.924507],[77.631643,12.924552],[77.633534,12.92487],[77.633559,12.924876],[77.633658,12.924894],[77.634041,12.924949],[77.635325,12.925149],[77.63637,12.925302],[77.636689,12.925338],[77.636977,12.925313],[77.637427,12.925149],[77.637728,12.924978],[77.638022,12.924812],[77.638373,12.924587],[77.638611,12.924434],[77.638948,12.924298],[77.639183,12.924212],[77.639431,12.924115],[77.639493,12.924091],[77.639953,12.923913],[77.640027,12.923884],[77.641178,12.923444],[77.64129,12.923412],[77.641404,12.92341],[77.641746,12.923512],[77.643512,12.923986],[77.645005,12.924467],[77.645158,12.924491],[77.645317,12.924507],[77.646622,12.924512],[77.647386,12.924607],[77.649083,12.924664],[77.649906,12.924648],[77.650187,12.924643],[77.650594,12.924631],[77.650933,12.92459],[77.654785,12.923817],[77.655403,12.923662],[77.656672,12.923278],[77.657399,12.923042],[77.65998,12.922119],[77.661685,12.92168],[77.662687,12.921421],[77.662906,12.921278],[77.663247,12.921188],[77.663636,12.92111],[77.664632,12.920837],[77.664743,12.920811],[77.664963,12.920787],[77.665188,12.920813],[77.665335,12.92085],[77.66555,12.920925],[77.665887,12.921064],[77.66601,12.921118],[77.666261,12.921205],[77.666586,12.921507],[77.667821,12.922062],[77.669532,12.922881],[77.669938,12.923065],[77.670238,12.923217],[77.670642,12.923401],[77.67132,12.923711],[77.671791,12.923939],[77.67355,12.924717],[77.673776,12.924808],[77.674125,12.92496],[77.674291,12.925058],[77.674515,12.92517]],"segments":[{"distance":8507,"duration":746.1,"steps":[{"distance":1746.4,"duration":134.2,"type":11,"instruction":"Head east on Outer Ring Road, ORR","name":"Outer Ring Road, ORR","way_points":[0,27]},{"distance":542.4,"duration":51.2,"type":12,"instruction":"Keep left","name":"","way_points":[27,40]},{"distance":1010.2,"duration":63.1,"type":1,"instruction":"Turn right","name":"","way_points":[40,51]},{"distance":11.6,"duration":4.2,"type":4,"instruction":"Turn slight left onto Sarjapur Road","name":"Sarjapur Road","way_points":[51,52]},{"distance":2353.3,"duration":144,"type":1,"instruction":"Turn right onto Sarjapura Road","name":"Sarjapura Road","way_points":[52,88]},{"distance":1502.4,"duration":154.5,"type":12,"instruction":"Keep left","name":"","way_points":[88,100]},{"distance":340.5,"duration":26.6,"type":12,"instruction":"Keep left onto Outer Ring Road, NH44","name":"Outer Ring Road, NH44","way_points":[100,110]},{"distance":1000.3,"duration":168.3,"type":12,"instruction":"Keep left","name":"","way_points":[110,123]},{"distance":0,"duration":0,"type":10,"instruction":"Arrive at your destination, on the left","name":"","way_points":[123,123]}]}],"way_points":[0,123],"bbox":[77.605872,12.916267,77.674515,12.925338]}],"bbox":[77.605872,12.916267,77.674515,12.925338],"info":{"attribution":"openrouteservice.org | OpenStreetMap contributors","engine":{"version":"5.0","build_date":"2019-02-28T09:50:25Z"},"service":"routing","timestamp":1552132469026,"query":{"profile":"driving-car","preference":"fastest","coordinates":[[77.605873,12.916699],[77.67451,12.925179]],"language":"en","units":"m","geometry":true,"geometry_format":"polyline","instructions_format":"text","instructions":true,"elevation":false}}}
